id,revenue
3001,38.0
3002,11417.4
3003,38.0
3004,295314.1
3005,147870.7
3006,38.0
3007,38.0
3008,1264832.5
3009,365362.3
3010,12168159.8
3011,147870.7
3012,38.0
3013,166957.8
3014,89240.6
3015,1095712.8
3016,38.0
3017,3250043.2
3018,12569812.6
3019,38.0
3020,46961523.5
3021,1264832.5
3022,1095712.8
3023,38.0
3024,1313330.9
3025,38.0
3026,2763535.3
3027,166957.8
3028,4261251.0
3029,45770.6
3030,2763535.3
3031,147870.7
3032,60692.0
3033,38.0
3034,27693.4
3035,38.0
3036,69419.5
3037,738174.6
3038,78398.7
3039,294356.6
3040,38.0
3041,315835.3
3042,38.0
3043,166957.8
3044,172703.0
3045,19808918.6
3046,38.0
3047,38.0
3048,499045.4
3049,38.0
3050,85320.4
3051,38.0
3052,1095712.8
3053,38.0
3054,38.0
3055,2910622.2
3056,38.0
3057,5864295.8
3058,46961523.5
3059,38.0
3060,5864295.8
3061,491651.6
3062,38.0
3063,738174.6
3064,8294961.1
3065,1095712.8
3066,3407736.3
3067,38.0
3068,1095712.8
3069,19808918.6
3070,38.0
3071,63231.8
3072,26101143.9
3073,38.0
3074,38.0
3075,280335.9
3076,8348621.9
3077,93703.5
3078,3407736.3
3079,1096018.5
3080,5864295.8
3081,105833.4
3082,38.0
3083,433435.0
3084,38.0
3085,244449.5
3086,3407736.3
3087,38.0
3088,38.0
3089,28.2
3090,799871.2
3091,1313330.9
3092,38.0
3093,12140629.7
3094,6785287.7
3095,1263801.8
3096,79189.1
3097,54873292.0
3098,143333.5
3099,3407736.3
3100,38.0
3101,38.0
3102,27330.6
3103,38.0
3104,38.0
3105,12140629.7
3106,11563768.1
3107,1185481.0
3108,347024.1
3109,38.0
3110,19808918.6
3111,93703.5
3112,38.0
3113,130762.6
3114,166957.8
3115,166957.8
3116,172703.0
3117,38.0
3118,38.0
3119,16310306.7
3120,12569812.6
3121,38.0
3122,128547.0
3123,41310.9
3124,38.0
3125,38.0
3126,1095712.8
3127,38.0
3128,1095712.8
3129,1264832.5
3130,172703.0
3131,38.0
3132,188085.1
3133,38.0
3134,38.0
3135,38.0
3136,78398.7
3137,11563768.1
3138,47028.0
3139,738174.6
3140,738174.6
3141,315835.3
3142,38.0
3143,10438986.2
3144,1569000.6
3145,38.0
3146,147870.7
3147,267618.8
3148,38.0
3149,5864295.8
3150,8348621.9
3151,87216.5
3152,341329.3
3153,38.0
3154,172703.0
3155,179227.3
3156,85320.4
3157,112236.0
3158,2763535.3
3159,38.0
3160,147870.7
3161,38.0
3162,38.0
3163,245588.1
3164,43612.0
3165,38.0
3166,38.0
3167,1707903.2
3168,38.0
3169,38.0
3170,147870.7
3171,38.0
3172,893560.8
3173,147870.7
3174,38.0
3175,38.0
3176,499045.4
3177,1264832.5
3178,180531.9
3179,47028.0
3180,38.0
3181,79322.4
3182,6651228.3
3183,203073.5
3184,297364.3
3185,10438986.2
3186,1313330.9
3187,38.0
3188,315835.3
3189,4807515.7
3190,112236.0
3191,267618.8
3192,38.0
3193,3250043.2
3194,5576417.5
3195,38.0
3196,38.0
3197,38.0
3198,9863787.0
3199,12569812.6
3200,315835.3
3201,38.0
3202,130762.6
3203,38.0
3204,38.0
3205,38.0
3206,180531.9
3207,1096018.5
3208,178834.2
3209,85320.4
3210,19808918.6
3211,38.0
3212,1096018.5
3213,179227.3
3214,186049.9
3215,180531.9
3216,78398.7
3217,19808918.6
3218,38.0
3219,45770.6
3220,3407736.3
3221,79315.5
3222,38.0
3223,38.0
3224,38.0
3225,27330.6
3226,112236.0
3227,3407736.3
3228,11563768.1
3229,12283843.9
3230,315835.3
3231,317293.3
3232,100978.7
3233,179227.3
3234,11417.4
3235,38.0
3236,47028.0
3237,329102.8
3238,115512.3
3239,38.0
3240,12569812.6
3241,38.0
3242,38.0
3243,38.0
3244,38.0
3245,47028.0
3246,1095712.8
3247,297364.3
3248,2763535.3
3249,1243157.8
3250,16310306.7
3251,38.0
3252,136323.9
3253,280335.9
3254,38.0
3255,43612.0
3256,245588.1
3257,166957.8
3258,38.0
3259,365362.3
3260,166957.8
3261,12569812.6
3262,1263801.8
3263,38.0
3264,38.0
3265,38.0
3266,38.0
3267,172703.0
3268,38.0
3269,1095712.8
3270,2763535.3
3271,38.0
3272,1095712.8
3273,203073.5
3274,12168159.8
3275,85320.4
3276,38.0
3277,78398.7
3278,6651228.3
3279,38.0
3280,19808918.6
3281,38.0
3282,47028.0
3283,19808918.6
3284,203073.5
3285,1096018.5
3286,38.0
3287,38.0
3288,280335.9
3289,491651.6
3290,1313330.9
3291,297364.3
3292,8294961.1
3293,3250043.2
3294,172703.0
3295,180531.9
3296,1394.1
3297,256144.0
3298,4807515.7
3299,79315.5
3300,565465.1
3301,38.0
3302,38.0
3303,38.0
3304,347024.1
3305,499045.4
3306,47028.0
3307,1095712.8
3308,1095712.8
3309,38.0
3310,47028.0
3311,38.0
3312,38.0
3313,2763535.3
3314,38.0
3315,5864295.8
3316,179227.3
3317,38.0
3318,38.0
3319,38.0
3320,203073.5
3321,172703.0
3322,38.0
3323,9015175.1
3324,78398.7
3325,5864295.8
3326,12140629.7
3327,1096018.5
3328,1096018.5
3329,143333.5
3330,10438986.2
3331,38.0
3332,565465.1
3333,12168159.8
3334,63231.8
3335,2830881.6
3336,267618.8
3337,38.0
3338,315835.3
3339,38.0
3340,5853052.6
3341,27330.6
3342,309613.9
3343,1313330.9
3344,112236.0
3345,38.0
3346,1096018.5
3347,38.0
3348,2763535.3
3349,1264832.5
3350,8294961.1
3351,799871.2
3352,87582.7
3353,3407736.3
3354,112236.0
3355,38.0
3356,179227.3
3357,38.0
3358,85320.4
3359,1095712.8
3360,38.0
3361,8294961.1
3362,87216.5
3363,166957.8
3364,67641.7
3365,112236.0
3366,6651228.3
3367,8530210.3
3368,38.0
3369,499045.4
3370,172703.0
3371,1313330.9
3372,87216.5
3373,491651.6
3374,147870.7
3375,5864295.8
3376,1095712.8
3377,38.0
3378,220562.8
3379,10438986.2
3380,1426191.5
3381,38.0
3382,38.0
3383,38.0
3384,1095712.8
3385,3407736.3
3386,38.0
3387,1095712.8
3388,10438986.2
3389,46961523.5
3390,38.0
3391,78398.7
3392,38.0
3393,267618.8
3394,8294961.1
3395,4261251.0
3396,38.0
3397,47028.0
3398,12569812.6
3399,5864295.8
3400,166957.8
3401,85320.4
3402,38.0
3403,347024.1
3404,38.0
3405,179227.3
3406,10407962.7
3407,19808918.6
3408,1313330.9
3409,315835.3
3410,1095712.8
3411,1707903.2
3412,1096018.5
3413,6651228.3
3414,38.0
3415,79315.5
3416,65477.4
3417,1707903.2
3418,347024.1
3419,19808918.6
3420,112236.0
3421,267618.8
3422,38.0
3423,19808918.6
3424,38.0
3425,130762.6
3426,38.0
3427,1096018.5
3428,43612.0
3429,181678.9
3430,46961523.5
3431,38.0
3432,180531.9
3433,77599.7
3434,47028.0
3435,12569812.6
3436,12140629.7
3437,38.0
3438,143333.5
3439,1426191.5
3440,1264832.5
3441,3548946.0
3442,38.0
3443,180531.9
3444,38.0
3445,799871.2
3446,38.0
3447,38.0
3448,179227.3
3449,104874.1
3450,1313330.9
3451,222754.0
3452,179227.3
3453,499045.4
3454,1264832.5
3455,85320.4
3456,3250043.2
3457,46743.9
3458,87216.5
3459,33596421.7
3460,280335.9
3461,38.0
3462,315835.3
3463,3407736.3
3464,43612.0
3465,78398.7
3466,738174.6
3467,38.0
3468,3548946.0
3469,38.0
3470,38.0
3471,166957.8
3472,166957.8
3473,1264832.5
3474,280335.9
3475,19808918.6
3476,38.0
3477,245588.1
3478,38.0
3479,10407962.7
3480,180531.9
3481,60667.4
3482,147870.7
3483,38.0
3484,38.0
3485,3548946.0
3486,6651228.3
3487,738174.6
3488,180531.9
3489,38.0
3490,1243157.8
3491,166957.8
3492,147870.7
3493,1096018.5
3494,38.0
3495,3407736.3
3496,38.0
3497,1096018.5
3498,738174.6
3499,87216.5
3500,38.0
3501,4807515.7
3502,1185481.0
3503,181678.9
3504,6651228.3
3505,47028.0
3506,3407736.3
3507,19808918.6
3508,38.0
3509,38.0
3510,78398.7
3511,4807515.7
3512,10407962.7
3513,116898.4
3514,267618.8
3515,115512.3
3516,38.0
3517,26101143.9
3518,179227.3
3519,38.0
3520,38.0
3521,38.0
3522,79315.5
3523,38.0
3524,3250043.2
3525,10438986.2
3526,38.0
3527,38.0
3528,893560.8
3529,19808918.6
3530,3407736.3
3531,433435.0
3532,1095712.8
3533,1095712.8
3534,63231.8
3535,10438986.2
3536,78398.7
3537,6651228.3
3538,172703.0
3539,1096018.5
3540,1095712.8
3541,130762.6
3542,1156933.7
3543,38.0
3544,1185481.0
3545,166957.8
3546,38.0
3547,11563768.1
3548,33596421.7
3549,75480.6
3550,19808918.6
3551,5864295.8
3552,294356.6
3553,87216.5
3554,12168159.8
3555,10438986.2
3556,1313330.9
3557,203073.5
3558,11563768.1
3559,315835.3
3560,38.0
3561,2763535.3
3562,166957.8
3563,63231.8
3564,38.0
3565,190123.2
3566,143333.5
3567,180531.9
3568,112236.0
3569,9863787.0
3570,38.0
3571,1264832.5
3572,12569812.6
3573,38.0
3574,1185481.0
3575,267618.8
3576,808904.6
3577,38.0
3578,78398.7
3579,1095712.8
3580,38.0
3581,184332.3
3582,5576417.5
3583,27330.6
3584,78398.7
3585,893560.8
3586,130762.6
3587,38.0
3588,172703.0
3589,87216.5
3590,38.0
3591,26101143.9
3592,38.0
3593,38.0
3594,38.0
3595,179227.3
3596,799871.2
3597,38.0
3598,1096018.5
3599,315835.3
3600,65477.4
3601,38.0
3602,79315.5
3603,87216.5
3604,136323.9
3605,245588.1
3606,38.0
3607,1095712.8
3608,11563768.1
3609,38.0
3610,893560.8
3611,38.0
3612,41310.9
3613,38.0
3614,4807515.7
3615,250476.3
3616,38.0
3617,85320.4
3618,3548946.0
3619,38.0
3620,5853052.6
3621,19808918.6
3622,3250043.2
3623,12140629.7
3624,38.0
3625,38.0
3626,499045.4
3627,1095712.8
3628,12569812.6
3629,78398.7
3630,38.0
3631,10438986.2
3632,38.0
3633,2763535.3
3634,38.0
3635,79189.1
3636,499045.4
3637,63231.8
3638,93703.5
3639,11563768.1
3640,19808918.6
3641,38.0
3642,38.0
3643,297364.3
3644,174702.7
3645,499045.4
3646,180531.9
3647,179227.3
3648,79189.1
3649,79315.5
3650,112236.0
3651,46961523.5
3652,38.0
3653,6651228.3
3654,38.0
3655,309613.9
3656,38.0
3657,38.0
3658,38.0
3659,2763535.3
3660,11563768.1
3661,297364.3
3662,1264832.5
3663,19808918.6
3664,38.0
3665,38.0
3666,85320.4
3667,5864295.8
3668,1095712.8
3669,267618.8
3670,1095712.8
3671,38.0
3672,38.0
3673,12140629.7
3674,172703.0
3675,26101143.9
3676,4807515.7
3677,13800.8
3678,78398.7
3679,3250043.2
3680,131592.3
3681,186049.9
3682,12569812.6
3683,147870.7
3684,4807515.7
3685,8294961.1
3686,42143.6
3687,10407962.7
3688,38.0
3689,38.0
3690,5864295.8
3691,69419.5
3692,38.0
3693,1264832.5
3694,1426191.5
3695,3407736.3
3696,106944.6
3697,179227.3
3698,1095712.8
3699,53019.1
3700,38.0
3701,3407736.3
3702,43612.0
3703,1243157.8
3704,1095712.8
3705,1096018.5
3706,179227.3
3707,147870.7
3708,78398.7
3709,19808918.6
3710,38.0
3711,38.0
3712,893560.8
3713,78398.7
3714,27693.4
3715,267618.8
3716,143333.5
3717,38.0
3718,38.0
3719,1095712.8
3720,38.0
3721,47356.9
3722,1707903.2
3723,38.0
3724,78398.7
3725,38.0
3726,41310.9
3727,11563768.1
3728,8530210.3
3729,47028.0
3730,2763535.3
3731,12140629.7
3732,38.0
3733,10407962.7
3734,26101143.9
3735,280335.9
3736,166957.8
3737,38.0
3738,147870.7
3739,143333.5
3740,47028.0
3741,1156933.7
3742,3407736.3
3743,77599.7
3744,8348621.9
3745,1096018.5
3746,10438986.2
3747,3890.9
3748,295314.1
3749,38.0
3750,38.0
3751,69419.5
3752,136323.9
3753,38.0
3754,738174.6
3755,1096018.5
3756,38.0
3757,26101143.9
3758,3407736.3
3759,106115.5
3760,12140629.7
3761,738174.6
3762,12569812.6
3763,1264832.5
3764,1096018.5
3765,38.0
3766,172703.0
3767,172703.0
3768,147726.5
3769,38.0
3770,38.0
3771,1095712.8
3772,38.0
3773,315835.3
3774,85320.4
3775,8348621.9
3776,5864295.8
3777,87216.5
3778,38.0
3779,38.0
3780,38.0
3781,1096018.5
3782,42143.6
3783,3407736.3
3784,47028.0
3785,33596421.7
3786,106944.6
3787,12569812.6
3788,19808918.6
3789,38.0
3790,38.0
3791,315835.3
3792,38.0
3793,38.0
3794,347024.1
3795,12569812.6
3796,166957.8
3797,180531.9
3798,179227.3
3799,38.0
3800,130762.6
3801,2763535.3
3802,38.0
3803,85320.4
3804,38.0
3805,38.0
3806,341329.3
3807,38.0
3808,147870.7
3809,315835.3
3810,38.0
3811,38.0
3812,38797.4
3813,1394.1
3814,38.0
3815,1095712.8
3816,8348621.9
3817,203073.5
3818,3407736.3
3819,166957.8
3820,2763535.3
3821,1264832.5
3822,179227.3
3823,738174.6
3824,64844.2
3825,38.0
3826,1264832.5
3827,11563768.1
3828,11417.4
3829,38.0
3830,1096018.5
3831,38.0
3832,10438986.2
3833,5864295.8
3834,38.0
3835,112236.0
3836,115512.3
3837,1095712.8
3838,166957.8
3839,38.0
3840,2763535.3
3841,13800.8
3842,47028.0
3843,1313330.9
3844,38.0
3845,28.2
3846,38.0
3847,38.0
3848,38.0
3849,5371609.3
3850,77599.7
3851,738174.6
3852,203073.5
3853,4807515.7
3854,38.0
3855,38.0
3856,38.0
3857,33596421.7
3858,38.0
3859,38.0
3860,315835.3
3861,297364.3
3862,47028.0
3863,5370655.1
3864,1185481.0
3865,2830881.6
3866,172703.0
3867,10438986.2
3868,147870.7
3869,2763535.3
3870,3407736.3
3871,26101143.9
3872,112236.0
3873,317293.3
3874,38.0
3875,1313330.9
3876,11417.4
3877,491651.6
3878,1313330.9
3879,19808918.6
3880,1263801.8
3881,38.0
3882,38.0
3883,85320.4
3884,12140629.7
3885,315835.3
3886,738174.6
3887,147870.7
3888,106944.6
3889,38.0
3890,8047268.7
3891,180531.9
3892,38.0
3893,19808918.6
3894,3548946.0
3895,179227.3
3896,1264832.5
3897,38.0
3898,808904.6
3899,33596421.7
3900,128547.0
3901,11417.4
3902,38.0
3903,38.0
3904,166957.8
3905,166957.8
3906,1095712.8
3907,38.0
3908,38.0
3909,13800.8
3910,85320.4
3911,63231.8
3912,244449.5
3913,3250043.2
3914,78398.7
3915,12140629.7
3916,38.0
3917,38.0
3918,78398.7
3919,1264832.5
3920,799871.2
3921,38.0
3922,1095712.8
3923,1095712.8
3924,78398.7
3925,12569812.6
3926,38.0
3927,2763535.3
3928,8348621.9
3929,1313330.9
3930,38.0
3931,315835.3
3932,38.0
3933,280335.9
3934,1313330.9
3935,38.0
3936,38.0
3937,8348621.9
3938,172703.0
3939,326975.1
3940,186049.9
3941,77599.7
3942,12569812.6
3943,46961523.5
3944,104.3
3945,179227.3
3946,104.3
3947,1264832.5
3948,106423.6
3949,104.3
3950,104.3
3951,53019.1
3952,799871.2
3953,6651228.3
3954,19808918.6
3955,38.0
3956,3407736.3
3957,104.3
3958,11417.4
3959,267618.8
3960,104.3
3961,799871.2
3962,104.3
3963,143333.5
3964,46961523.5
3965,10438986.2
3966,499045.4
3967,19808918.6
3968,1096018.5
3969,104.3
3970,347024.1
3971,203073.5
3972,104.3
3973,1095712.8
3974,104.3
3975,1264832.5
3976,3407736.3
3977,8348621.9
3978,9015175.1
3979,104.3
3980,104.3
3981,116898.4
3982,75480.6
3983,78398.7
3984,5864295.8
3985,104.3
3986,46961523.5
3987,4261251.0
3988,203073.5
3989,78398.7
3990,179227.3
3991,104.3
3992,104.3
3993,499045.4
3994,1264832.5
3995,1096018.5
3996,179227.3
3997,143333.5
3998,5864295.8
3999,104.3
4000,3407736.3
4001,178834.2
4002,10407962.7
4003,104.3
4004,1096018.5
4005,45770.6
4006,1095712.8
4007,104.3
4008,216253.8
4009,78398.7
4010,104.3
4011,347024.1
4012,8294961.1
4013,893560.8
4014,104.3
4015,1707903.2
4016,1095712.8
4017,433435.0
4018,2763535.3
4019,12168159.8
4020,104.3
4021,1264832.5
4022,104.3
4023,10438986.2
4024,104.3
4025,104.3
4026,491651.6
4027,3250043.2
4028,38340.5
4029,104.3
4030,78398.7
4031,9015175.1
4032,104.3
4033,104.3
4034,104.3
4035,1264832.5
4036,104.3
4037,104.3
4038,180531.9
4039,104.3
4040,180531.9
4041,104.3
4042,1263801.8
4043,180531.9
4044,3499516.8
4045,244449.5
4046,128547.0
4047,46961523.5
4048,112236.0
4049,104.3
4050,104.3
4051,19808918.6
4052,297364.3
4053,57929.3
4054,147870.7
4055,179227.3
4056,172703.0
4057,104.3
4058,38923.2
4059,87216.5
4060,1264832.5
4061,1313330.9
4062,799871.2
4063,85320.4
4064,26101143.9
4065,6651228.3
4066,104.3
4067,315835.3
4068,104.3
4069,180531.9
4070,147870.7
4071,104.3
4072,104.3
4073,3407736.3
4074,41310.9
4075,112236.0
4076,179227.3
4077,10438986.2
4078,180531.9
4079,5864295.8
4080,104.3
4081,104.3
4082,12140629.7
4083,78398.7
4084,104.3
4085,315835.3
4086,5370655.1
4087,179227.3
4088,179227.3
4089,267618.8
4090,180531.9
4091,3407736.3
4092,315835.3
4093,799871.2
4094,27693.4
4095,10438986.2
4096,104.3
4097,179227.3
4098,280335.9
4099,47028.0
4100,1096018.5
4101,1156933.7
4102,172703.0
4103,1096018.5
4104,104.3
4105,104.3
4106,104.3
4107,104.3
4108,1096018.5
4109,104.3
4110,143333.5
4111,128547.0
4112,347024.1
4113,47028.0
4114,3407736.3
4115,267618.8
4116,179227.3
4117,136323.9
4118,179227.3
4119,3407736.3
4120,104.3
4121,136323.9
4122,10407962.7
4123,104.3
4124,1313330.9
4125,87216.5
4126,179227.3
4127,104.3
4128,104.3
4129,104.3
4130,104.3
4131,12569812.6
4132,3407736.3
4133,1095712.8
4134,143333.5
4135,1096018.5
4136,12569812.6
4137,131592.3
4138,1095712.8
4139,87216.5
4140,60692.0
4141,47028.0
4142,297364.3
4143,1264832.5
4144,27693.4
4145,166957.8
4146,136323.9
4147,104.3
4148,347024.1
4149,87216.5
4150,104.3
4151,104.3
4152,1156933.7
4153,106944.6
4154,87582.7
4155,433435.0
4156,106944.6
4157,166957.8
4158,179227.3
4159,1096018.5
4160,11563768.1
4161,104.3
4162,216253.8
4163,5864295.8
4164,78398.7
4165,104.3
4166,104.3
4167,3548946.0
4168,47028.0
4169,104.3
4170,104.3
4171,3407736.3
4172,5853052.6
4173,46743.9
4174,147870.7
4175,63231.8
4176,1156933.7
4177,104.3
4178,19808918.6
4179,104.3
4180,11563768.1
4181,1156933.7
4182,87216.5
4183,1263801.8
4184,172703.0
4185,172703.0
4186,104.3
4187,203073.5
4188,1096018.5
4189,104.3
4190,104.3
4191,104.3
4192,13800.8
4193,26101143.9
4194,3407736.3
4195,104.3
4196,104.3
4197,143333.5
4198,45770.6
4199,147870.7
4200,3407736.3
4201,1096018.5
4202,8348621.9
4203,67641.7
4204,893560.8
4205,104.3
4206,347024.1
4207,19808918.6
4208,33596421.7
4209,315835.3
4210,5864295.8
4211,245588.1
4212,33596421.7
4213,143333.5
4214,172703.0
4215,104.3
4216,67360.2
4217,104.3
4218,499045.4
4219,179227.3
4220,315835.3
4221,104.3
4222,104.3
4223,3407736.3
4224,104.3
4225,315835.3
4226,172703.0
4227,112236.0
4228,104.3
4229,6785287.7
4230,1264832.5
4231,297364.3
4232,104.3
4233,1707903.2
4234,78398.7
4235,104.3
4236,104.3
4237,179227.3
4238,1264832.5
4239,4807515.7
4240,12569812.6
4241,2321847.8
4242,27693.4
4243,104.3
4244,5864295.8
4245,104.3
4246,104.3
4247,808904.6
4248,87216.5
4249,4807515.7
4250,499045.4
4251,104.3
4252,8348621.9
4253,1264832.5
4254,179227.3
4255,499045.4
4256,12569812.6
4257,11563768.1
4258,799871.2
4259,104.3
4260,10438986.2
4261,172703.0
4262,44998.9
4263,172703.0
4264,26101143.9
4265,104.3
4266,104.3
4267,87216.5
4268,180531.9
4269,85320.4
4270,19808918.6
4271,5864295.8
4272,104.3
4273,104.3
4274,179227.3
4275,104.3
4276,297364.3
4277,309613.9
4278,104.3
4279,78398.7
4280,104.3
4281,104.3
4282,104.3
4283,104.3
4284,64844.2
4285,104.3
4286,46961523.5
4287,1156933.7
4288,1096018.5
4289,5371609.3
4290,1264832.5
4291,104.3
4292,104.3
4293,347024.1
4294,8047268.7
4295,10438986.2
4296,179227.3
4297,104.3
4298,104.3
4299,47356.9
4300,1096018.5
4301,104.3
4302,104.3
4303,47028.0
4304,297364.3
4305,347024.1
4306,179227.3
4307,104.3
4308,104.3
4309,808904.6
4310,104.3
4311,104.3
4312,491651.6
4313,738174.6
4314,104.3
4315,4807515.7
4316,12569812.6
4317,104.3
4318,179227.3
4319,104.3
4320,104.3
4321,1707903.2
4322,166957.8
4323,166957.8
4324,104.3
4325,41310.9
4326,104.3
4327,799871.2
4328,104.3
4329,104.3
4330,33596421.7
4331,179227.3
4332,2763535.3
4333,104.3
4334,5864295.8
4335,1264832.5
4336,1096018.5
4337,104.3
4338,12569812.6
4339,3499516.8
4340,347024.1
4341,85320.4
4342,77599.7
4343,491651.6
4344,106944.6
4345,104.3
4346,2763535.3
4347,1264832.5
4348,104.3
4349,12283843.9
4350,87582.7
4351,3407736.3
4352,43612.0
4353,5371609.3
4354,808904.6
4355,203073.5
4356,104.3
4357,491651.6
4358,214721.7
4359,166957.8
4360,2763535.3
4361,8530210.3
4362,75480.6
4363,2763535.3
4364,1313330.9
4365,104.3
4366,179227.3
4367,77599.7
4368,3407736.3
4369,491651.6
4370,3407736.3
4371,106944.6
4372,738174.6
4373,104.3
4374,143333.5
4375,104.3
4376,104.3
4377,104.3
4378,11417.4
4379,5853052.6
4380,1263801.8
4381,8348621.9
4382,26101143.9
4383,12569812.6
4384,179227.3
4385,104.3
4386,12283843.9
4387,203073.5
4388,250476.3
4389,12569812.6
4390,65477.4
4391,53019.1
4392,10438986.2
4393,100978.7
4394,1095712.8
4395,104.3
4396,1264832.5
4397,104.3
4398,12569812.6
4399,116898.4
4400,433435.0
4401,104.3
4402,260298.6
4403,1095712.8
4404,491651.6
4405,180531.9
4406,104.3
4407,166957.8
4408,104.3
4409,104.3
4410,347024.1
4411,1096018.5
4412,8348621.9
4413,1096018.5
4414,104.3
4415,104.3
4416,104.3
4417,1264832.5
4418,104.3
4419,5758438.4
4420,12569812.6
4421,180531.9
4422,104.3
4423,104.3
4424,104.3
4425,147870.7
4426,104.3
4427,317293.3
4428,115512.3
4429,166957.8
4430,104.3
4431,27330.6
4432,10438986.2
4433,16310306.7
4434,46961523.5
4435,130762.6
4436,147870.7
4437,104.3
4438,104.3
4439,85320.4
4440,47028.0
4441,1095712.8
4442,60692.0
4443,104.3
4444,104.3
4445,280335.9
4446,104.3
4447,5864295.8
4448,104.3
4449,104.3
4450,12140629.7
4451,12569812.6
4452,203073.5
4453,104.3
4454,104.3
4455,104.3
4456,8294961.1
4457,87216.5
4458,104.3
4459,267618.8
4460,104.3
4461,3499516.8
4462,1096018.5
4463,78398.7
4464,1264832.5
4465,738174.6
4466,104.3
4467,166957.8
4468,104.3
4469,78398.7
4470,893560.8
4471,104.3
4472,9015175.1
4473,104.3
4474,104.3
4475,180531.9
4476,104.3
4477,738174.6
4478,87216.5
4479,53019.1
4480,1313330.9
4481,45770.6
4482,104.3
4483,43612.0
4484,104.3
4485,1095712.8
4486,166957.8
4487,166957.8
4488,6785287.7
4489,738174.6
4490,104.3
4491,3407736.3
4492,280335.9
4493,104.3
4494,136323.9
4495,347024.1
4496,315835.3
4497,104.3
4498,799871.2
4499,104.3
4500,1243157.8
4501,5853052.6
4502,172703.0
4503,19808918.6
4504,104.3
4505,104.3
4506,5864295.8
4507,147870.7
4508,244449.5
4509,104.3
4510,499045.4
4511,8530210.3
4512,104.3
4513,2763535.3
4514,166957.8
4515,19808918.6
4516,128547.0
4517,1095712.8
4518,19808918.6
4519,1313330.9
4520,315835.3
4521,69419.5
4522,1263801.8
4523,172703.0
4524,104.3
4525,104.3
4526,104.3
4527,297364.3
4528,104.3
4529,104.3
4530,203073.5
4531,128547.0
4532,87216.5
4533,93703.5
4534,347024.1
4535,6651228.3
4536,115512.3
4537,67641.7
4538,179227.3
4539,104.3
4540,1243157.8
4541,179227.3
4542,1156933.7
4543,1243157.8
4544,104.3
4545,104.3
4546,104.3
4547,147870.7
4548,104.3
4549,41310.9
4550,104.3
4551,46961523.5
4552,1096018.5
4553,179227.3
4554,12283843.9
4555,104.3
4556,1263801.8
4557,104.3
4558,203073.5
4559,280335.9
4560,1096018.5
4561,347024.1
4562,104.3
4563,5576417.5
4564,28.2
4565,104.3
4566,179227.3
4567,5576417.5
4568,104.3
4569,808904.6
4570,267618.8
4571,143333.5
4572,1185481.0
4573,1095712.8
4574,104.3
4575,104.3
4576,78398.7
4577,104.3
4578,499045.4
4579,104.3
4580,315835.3
4581,179227.3
4582,1264832.5
4583,10407962.7
4584,104.3
4585,10438986.2
4586,104.3
4587,104.3
4588,10407962.7
4589,104.3
4590,54873292.0
4591,499045.4
4592,104.3
4593,53019.1
4594,315835.3
4595,12569812.6
4596,19808918.6
4597,87216.5
4598,10438986.2
4599,113563.8
4600,104.3
4601,2763535.3
4602,180531.9
4603,738174.6
4604,78398.7
4605,10407962.7
4606,9015175.1
4607,78398.7
4608,104.3
4609,491651.6
4610,12140629.7
4611,85320.4
4612,78398.7
4613,179227.3
4614,104.3
4615,112236.0
4616,147870.7
4617,1264832.5
4618,104.3
4619,147870.7
4620,38797.4
4621,3499516.8
4622,104.3
4623,130762.6
4624,104.3
4625,174702.7
4626,147870.7
4627,106944.6
4628,104.3
4629,104.3
4630,63231.8
4631,280335.9
4632,85320.4
4633,104.3
4634,104.3
4635,104.3
4636,1313330.9
4637,104.3
4638,85320.4
4639,47028.0
4640,245588.1
4641,203073.5
4642,87216.5
4643,10407962.7
4644,180531.9
4645,95.1
4646,46961523.5
4647,104.3
4648,104.3
4649,5371609.3
4650,1096018.5
4651,738174.6
4652,11563768.1
4653,104.3
4654,1243157.8
4655,5864295.8
4656,112236.0
4657,104.3
4658,87216.5
4659,104.3
4660,43612.0
4661,147870.7
4662,104.3
4663,104.3
4664,147870.7
4665,1077962.9
4666,1095712.8
4667,2763535.3
4668,104.3
4669,104.3
4670,315835.3
4671,128547.0
4672,104.3
4673,78398.7
4674,136323.9
4675,347024.1
4676,104.3
4677,104.3
4678,347024.1
4679,104.3
4680,104.3
4681,491651.6
4682,104.3
4683,104.3
4684,104.3
4685,1095712.8
4686,267618.8
4687,87216.5
4688,10407962.7
4689,104.3
4690,104.3
4691,297364.3
4692,104.3
4693,57929.3
4694,104.3
4695,491651.6
4696,104.3
4697,6651228.3
4698,104.3
4699,491651.6
4700,11563768.1
4701,12569812.6
4702,180531.9
4703,57929.3
4704,108703.4
4705,179227.3
4706,3250043.2
4707,245588.1
4708,172703.0
4709,95.1
4710,19808918.6
4711,166957.8
4712,38797.4
4713,12569812.6
4714,280335.9
4715,104.3
4716,104.3
4717,250476.3
4718,166957.8
4719,4807515.7
4720,104.3
4721,267618.8
4722,1313330.9
4723,45770.6
4724,10438986.2
4725,166957.8
4726,104.3
4727,147870.7
4728,315835.3
4729,5864295.8
4730,104.3
4731,78398.7
4732,12569812.6
4733,104.3
4734,12569812.6
4735,1313330.9
4736,104.3
4737,893560.8
4738,104.3
4739,1264832.5
4740,54873292.0
4741,104.3
4742,5864295.8
4743,104.3
4744,104.3
4745,11563768.1
4746,1096018.5
4747,112236.0
4748,1264832.5
4749,245588.1
4750,104.3
4751,315835.3
4752,104.3
4753,67641.7
4754,46961523.5
4755,104.3
4756,499045.4
4757,12569812.6
4758,4807515.7
4759,33596421.7
4760,104.3
4761,347024.1
4762,104.3
4763,104.3
4764,19808918.6
4765,166957.8
4766,8530210.3
4767,1096018.5
4768,1264832.5
4769,179227.3
4770,8348621.9
4771,245588.1
4772,172703.0
4773,179227.3
4774,104.3
4775,104.3
4776,79315.5
4777,12569812.6
4778,1264832.5
4779,104.3
4780,6651228.3
4781,104.3
4782,2830881.6
4783,203073.5
4784,214721.7
4785,203073.5
4786,1264832.5
4787,2763535.3
4788,78398.7
4789,136323.9
4790,808904.6
4791,104.3
4792,104.3
4793,180531.9
4794,104.3
4795,104.3
4796,87216.5
4797,54873292.0
4798,1096018.5
4799,104.3
4800,280335.9
4801,128547.0
4802,179227.3
4803,60667.4
4804,104.3
4805,104.3
4806,47028.0
4807,104.3
4808,104.3
4809,3407736.3
4810,104.3
4811,104.3
4812,5864295.8
4813,1707903.2
4814,104.3
4815,115512.3
4816,244449.5
4817,130762.6
4818,5864295.8
4819,128547.0
4820,4807515.7
4821,104.3
4822,104.3
4823,104.3
4824,179227.3
4825,93703.5
4826,104.3
4827,2763535.3
4828,1156933.7
4829,1095712.8
4830,130762.6
4831,499045.4
4832,179227.3
4833,106115.5
4834,104.3
4835,87216.5
4836,104.3
4837,8348621.9
4838,491651.6
4839,104.3
4840,19808918.6
4841,104.3
4842,5864295.8
4843,10438986.2
4844,147870.7
4845,203073.5
4846,104.3
4847,10407962.7
4848,491651.6
4849,11563768.1
4850,104.3
4851,104.3
4852,128547.0
4853,5576417.5
4854,104.3
4855,3407736.3
4856,104.3
4857,499045.4
4858,1426191.5
4859,104.3
4860,46961523.5
4861,8294961.1
4862,1096018.5
4863,8348621.9
4864,3548946.0
4865,738174.6
4866,104.3
4867,5853052.6
4868,47028.0
4869,112236.0
4870,116898.4
4871,172703.0
4872,104.3
4873,85320.4
4874,3548946.0
4875,104.3
4876,1707903.2
4877,738174.6
4878,104.3
4879,1095712.8
4880,179227.3
4881,104.3
4882,1095712.8
4883,1096018.5
4884,8348621.9
4885,104.3
4886,297364.3
4887,104.3
4888,104.3
4889,104.3
4890,1426191.5
4891,104.3
4892,78398.7
4893,1185481.0
4894,67641.7
4895,104.3
4896,47028.0
4897,267618.8
4898,8348621.9
4899,1095712.8
4900,12569812.6
4901,1095712.8
4902,57929.3
4903,104.3
4904,12569812.6
4905,347024.1
4906,104.3
4907,54873292.0
4908,365362.3
4909,2763535.3
4910,267618.8
4911,143333.5
4912,1264832.5
4913,180531.9
4914,1243157.8
4915,1264832.5
4916,104.3
4917,297364.3
4918,8348621.9
4919,245588.1
4920,491651.6
4921,3407736.3
4922,104.3
4923,104.3
4924,2763535.3
4925,10438986.2
4926,104.3
4927,166957.8
4928,172703.0
4929,104.3
4930,104.3
4931,365362.3
4932,104.3
4933,2763535.3
4934,104.3
4935,19808918.6
4936,104.3
4937,104.3
4938,104.3
4939,104.3
4940,104.3
4941,3621294.1
4942,104.3
4943,1313330.9
4944,1264832.5
4945,104.3
4946,147870.7
4947,89240.6
4948,104.3
4949,315835.3
4950,1059853.3
4951,893560.8
4952,738174.6
4953,3548946.0
4954,1185481.0
4955,104.3
4956,104.3
4957,491651.6
4958,172703.0
4959,326974.0
4960,174702.7
4961,8294961.1
4962,104.3
4963,1264832.5
4964,104.3
4965,104.3
4966,203073.5
4967,1426191.5
4968,1313330.9
4969,104.3
4970,104.3
4971,4807515.7
4972,180531.9
4973,32482.1
4974,8047268.7
4975,104.3
4976,44998.9
4977,1264832.5
4978,104.3
4979,87216.5
4980,1095712.8
4981,104.3
4982,3407736.3
4983,104.3
4984,280335.9
4985,12569812.6
4986,39663.4
4987,104.3
4988,116898.4
4989,1095712.8
4990,104.3
4991,166957.8
4992,12168159.8
4993,104.3
4994,4807515.7
4995,104.3
4996,315835.3
4997,1095712.8
4998,85320.4
4999,2763535.3
5000,12168159.8
5001,12168159.8
5002,5853052.6
5003,267618.8
5004,179227.3
5005,78398.7
5006,33596421.7
5007,499045.4
5008,19808918.6
5009,69419.5
5010,166957.8
5011,78398.7
5012,10438986.2
5013,104.3
5014,280335.9
5015,104.3
5016,3407736.3
5017,143333.5
5018,85320.4
5019,1264832.5
5020,104.3
5021,104.3
5022,143333.5
5023,104.3
5024,3407736.3
5025,104.3
5026,12140629.7
5027,3407736.3
5028,179227.3
5029,8348621.9
5030,172703.0
5031,166957.8
5032,12569812.6
5033,174702.7
5034,499045.4
5035,104.3
5036,147870.7
5037,738174.6
5038,19808918.6
5039,104.3
5040,1096018.5
5041,115512.3
5042,104.3
5043,1095712.8
5044,12569812.6
5045,104.3
5046,106944.6
5047,11417.4
5048,104.3
5049,4807515.7
5050,42143.6
5051,19808918.6
5052,12140629.7
5053,893560.8
5054,5864295.8
5055,47028.0
5056,104.3
5057,104.3
5058,1059853.3
5059,297364.3
5060,5864295.8
5061,1095712.8
5062,104.3
5063,104.3
5064,1707903.2
5065,172703.0
5066,166957.8
5067,1185481.0
5068,87216.5
5069,3548946.0
5070,104.3
5071,6651228.3
5072,2763535.3
5073,104.3
5074,57401.9
5075,78398.7
5076,499045.4
5077,12140629.7
5078,104.3
5079,172703.0
5080,4807515.7
5081,5864295.8
5082,315835.3
5083,78398.7
5084,738174.6
5085,147870.7
5086,109105.1
5087,112236.0
5088,104.3
5089,104.3
5090,315835.3
5091,203073.5
5092,329102.8
5093,1264832.5
5094,1095712.8
5095,11563768.1
5096,433435.0
5097,104.3
5098,104.3
5099,60692.0
5100,104.3
5101,104.3
5102,104.3
5103,147870.7
5104,2763535.3
5105,104.3
5106,47028.0
5107,104.3
5108,499045.4
5109,104.3
5110,104.3
5111,4807515.7
5112,78398.7
5113,104.3
5114,109105.1
5115,180531.9
5116,104.3
5117,10438986.2
5118,3407736.3
5119,41310.9
5120,104.3
5121,1264832.5
5122,315835.3
5123,104.3
5124,93703.5
5125,491651.6
5126,124132.8
5127,267618.8
5128,43612.0
5129,63231.8
5130,4807515.7
5131,297364.3
5132,1096018.5
5133,3407736.3
5134,8348621.9
5135,12140629.7
5136,104.3
5137,3250043.2
5138,245588.1
5139,11563768.1
5140,1313330.9
5141,1264832.5
5142,11563768.1
5143,1156933.7
5144,1096018.5
5145,63231.8
5146,104.3
5147,78398.7
5148,297364.3
5149,104.3
5150,26101143.9
5151,19808918.6
5152,4807515.7
5153,104.3
5154,1095712.8
5155,53019.1
5156,19808918.6
5157,147870.7
5158,267618.8
5159,1707903.2
5160,87216.5
5161,347024.1
5162,3407736.3
5163,12140629.7
5164,42143.6
5165,1095712.8
5166,12140629.7
5167,121194.0
5168,104.3
5169,104.3
5170,11417.4
5171,10407962.7
5172,43612.0
5173,6651228.3
5174,8348621.9
5175,347024.1
5176,112236.0
5177,1313330.9
5178,33596421.7
5179,104.3
5180,172703.0
5181,104.3
5182,2763535.3
5183,147870.7
5184,57401.9
5185,104.3
5186,104.3
5187,85320.4
5188,104.3
5189,172703.0
5190,19808918.6
5191,104.3
5192,3499516.8
5193,5853052.6
5194,1095712.8
5195,8348621.9
5196,179227.3
5197,63231.8
5198,1264832.5
5199,267618.8
5200,87216.5
5201,180531.9
5202,104.3
5203,11417.4
5204,104.3
5205,179227.3
5206,347024.1
5207,104.3
5208,57929.3
5209,5864295.8
5210,893560.8
5211,87216.5
5212,47028.0
5213,738174.6
5214,104.3
5215,104.3
5216,172703.0
5217,104.3
5218,180531.9
5219,147870.7
5220,1313330.9
5221,104.3
5222,104.3
5223,93703.5
5224,104.3
5225,104.3
5226,1313330.9
5227,104.3
5228,179227.3
5229,12140629.7
5230,104.3
5231,28.2
5232,104.3
5233,104.3
5234,1096018.5
5235,1156933.7
5236,11563768.1
5237,10438986.2
5238,128547.0
5239,179227.3
5240,267618.8
5241,280335.9
5242,78398.7
5243,63231.8
5244,3407736.3
5245,104.3
5246,104.3
5247,1095712.8
5248,104.3
5249,1096018.5
5250,12569812.6
5251,104.3
5252,104.3
5253,69419.5
5254,104.3
5255,1269994.1
5256,180531.9
5257,104.3
5258,104.3
5259,6651228.3
5260,104.3
5261,799871.2
5262,491651.6
5263,69419.5
5264,147870.7
5265,104.3
5266,347024.1
5267,47028.0
5268,106944.6
5269,5864295.8
5270,738174.6
5271,47028.0
5272,3407736.3
5273,104.3
5274,2763535.3
5275,104.3
5276,104.3
5277,87216.5
5278,280335.9
5279,1095712.8
5280,104.3
5281,738174.6
5282,60667.4
5283,104.3
5284,104.3
5285,1096018.5
5286,104.3
5287,104.3
5288,104.3
5289,341329.3
5290,8348621.9
5291,19808918.6
5292,799871.2
5293,10407962.7
5294,104.3
5295,19808918.6
5296,106115.5
5297,5864295.8
5298,4807515.7
5299,98704.4
5300,104.3
5301,347024.1
5302,1263801.8
5303,104.3
5304,260298.6
5305,112236.0
5306,499045.4
5307,12569812.6
5308,57929.3
5309,11417.4
5310,5370655.1
5311,106944.6
5312,12140629.7
5313,16310306.7
5314,1426191.5
5315,104.3
5316,491651.6
5317,104.3
5318,104.3
5319,75480.6
5320,78398.7
5321,245588.1
5322,104.3
5323,3407736.3
5324,347024.1
5325,112236.0
5326,180531.9
5327,4807515.7
5328,172703.0
5329,87216.5
5330,12140629.7
5331,104.3
5332,104.3
5333,1243157.8
5334,799871.2
5335,128547.0
5336,181678.9
5337,104.3
5338,222754.0
5339,143333.5
5340,104.3
5341,8348621.9
5342,12569812.6
5343,130762.6
5344,5864295.8
5345,104.3
5346,1095712.8
5347,104.3
5348,244449.5
5349,87582.7
5350,104.3
5351,4807515.7
5352,147870.7
5353,491651.6
5354,738174.6
5355,5853052.6
5356,104.3
5357,104.3
5358,85320.4
5359,244449.5
5360,5853052.6
5361,104.3
5362,43612.0
5363,738174.6
5364,28.2
5365,1243157.8
5366,8294961.1
5367,893560.8
5368,1095712.8
5369,12569812.6
5370,5864295.8
5371,676259.3
5372,46961523.5
5373,267618.8
5374,1264832.5
5375,2763535.3
5376,10438986.2
5377,1095712.8
5378,104.3
5379,47028.0
5380,808904.6
5381,3250043.2
5382,1707903.2
5383,57929.3
5384,11563768.1
5385,5370655.1
5386,104.3
5387,78398.7
5388,11563768.1
5389,104.3
5390,104.3
5391,315835.3
5392,104.3
5393,104.3
5394,179227.3
5395,104.3
5396,179227.3
5397,166957.8
5398,1095712.8
5399,104.3
5400,104.3
5401,1569000.6
5402,1096018.5
5403,83310.9
5404,104.3
5405,1095712.8
5406,38797.4
5407,19808918.6
5408,26101143.9
5409,5864295.8
5410,267618.8
5411,1096018.5
5412,104.3
5413,104.3
5414,3407736.3
5415,3548946.0
5416,280335.9
5417,3407736.3
5418,104.3
5419,104.3
5420,179227.3
5421,166957.8
5422,5864295.8
5423,10407962.7
5424,12140629.7
5425,329102.8
5426,1096018.5
5427,104.3
5428,45770.6
5429,1096018.5
5430,9863787.0
5431,179227.3
5432,1313330.9
5433,63231.8
5434,1096018.5
5435,104.3
5436,433435.0
5437,1095712.8
5438,45770.6
5439,147870.7
5440,2763535.3
5441,42143.6
5442,12168159.8
5443,8348621.9
5444,1096018.5
5445,1096018.5
5446,5864295.8
5447,87216.5
5448,676259.3
5449,3407736.3
5450,104.3
5451,172703.0
5452,104.3
5453,12569812.6
5454,5864295.8
5455,491651.6
5456,245588.1
5457,2763535.3
5458,104.3
5459,104.3
5460,45770.6
5461,104.3
5462,10371.3
5463,33596421.7
5464,5425.5
5465,491651.6
5466,280335.9
5467,738174.6
5468,10438986.2
5469,104.3
5470,19808918.6
5471,5371609.3
5472,2763535.3
5473,77599.7
5474,1186617.5
5475,3407736.3
5476,245588.1
5477,85320.4
5478,121194.0
5479,4807515.7
5480,166957.8
5481,104.3
5482,78398.7
5483,166957.8
5484,5864295.8
5485,47028.0
5486,104.3
5487,12569812.6
5488,1426191.5
5489,3407736.3
5490,104.3
5491,197573.1
5492,297364.3
5493,180531.9
5494,104.3
5495,1096018.5
5496,172703.0
5497,280335.9
5498,104.3
5499,3407736.3
5500,67641.7
5501,104.3
5502,104.3
5503,1313330.9
5504,116898.4
5505,104.3
5506,6651228.3
5507,315835.3
5508,8348621.9
5509,8348621.9
5510,87216.5
5511,124132.8
5512,4807515.7
5513,11417.4
5514,799871.2
5515,315835.3
5516,104.3
5517,19808918.6
5518,297364.3
5519,8348621.9
5520,112236.0
5521,315835.3
5522,104.3
5523,19808918.6
5524,12569812.6
5525,179227.3
5526,347024.1
5527,75480.6
5528,2763535.3
5529,104.3
5530,19808918.6
5531,104.3
5532,104.3
5533,3548946.0
5534,19808918.6
5535,57401.9
5536,104.3
5537,75480.6
5538,147870.7
5539,12168159.8
5540,78398.7
5541,10438986.2
5542,104.3
5543,166957.8
5544,315835.3
5545,104.3
5546,104.3
5547,104.3
5548,174702.7
5549,1264832.5
5550,3407736.3
5551,47028.0
5552,1264832.5
5553,1096018.5
5554,104.3
5555,179227.3
5556,267618.8
5557,47028.0
5558,19808918.6
5559,104.3
5560,104.3
5561,78398.7
5562,1313330.9
5563,104.3
5564,57929.3
5565,112236.0
5566,499045.4
5567,104.3
5568,203073.5
5569,1313330.9
5570,179227.3
5571,4807515.7
5572,104.3
5573,10407962.7
5574,104.3
5575,12283843.9
5576,1096018.5
5577,1096018.5
5578,104.3
5579,315835.3
5580,27693.4
5581,977505.5
5582,280335.9
5583,179227.3
5584,250476.3
5585,799871.2
5586,147870.7
5587,221369.6
5588,5370655.1
5589,8348621.9
5590,104.3
5591,104.3
5592,78398.7
5593,172703.0
5594,115512.3
5595,172703.0
5596,12569812.6
5597,104.3
5598,1095712.8
5599,63231.8
5600,104.3
5601,1156933.7
5602,4807515.7
5603,104.3
5604,38340.5
5605,12168159.8
5606,5853052.6
5607,1095712.8
5608,3499516.8
5609,104.3
5610,179227.3
5611,1426191.5
5612,46961523.5
5613,63231.8
5614,78398.7
5615,1096018.5
5616,104.3
5617,19808918.6
5618,1059853.3
5619,1096018.5
5620,45770.6
5621,1096018.5
5622,104.3
5623,1185481.0
5624,46961523.5
5625,104.3
5626,104.3
5627,1426191.5
5628,1096018.5
5629,12569812.6
5630,104.3
5631,1264832.5
5632,738174.6
5633,347024.1
5634,104.3
5635,2910622.2
5636,104.3
5637,104.3
5638,3407736.3
5639,104.3
5640,104.3
5641,1264832.5
5642,267618.8
5643,104.3
5644,19808918.6
5645,3407736.3
5646,104.3
5647,69419.5
5648,4807515.7
5649,128547.0
5650,8348621.9
5651,1096018.5
5652,166957.8
5653,3407736.3
5654,2910622.2
5655,799871.2
5656,19808918.6
5657,104.3
5658,104.3
5659,267618.8
5660,5864295.8
5661,104.3
5662,12140629.7
5663,166957.8
5664,104.3
5665,2763535.3
5666,1313330.9
5667,87216.5
5668,104.3
5669,166957.8
5670,33596421.7
5671,280335.9
5672,147870.7
5673,1156933.7
5674,166957.8
5675,38797.4
5676,147870.7
5677,1263801.8
5678,5864295.8
5679,104.3
5680,67641.7
5681,46961523.5
5682,104.3
5683,12168159.8
5684,3407736.3
5685,104.3
5686,116898.4
5687,1313330.9
5688,188085.1
5689,78398.7
5690,85320.4
5691,738174.6
5692,33596421.7
5693,124793.6
5694,1707903.2
5695,104.3
5696,1096018.5
5697,104.3
5698,131592.3
5699,43612.0
5700,1264832.5
5701,104.3
5702,491651.6
5703,1263801.8
5704,104.3
5705,1095712.8
5706,104.3
5707,2763535.3
5708,43612.0
5709,179227.3
5710,109105.1
5711,87582.7
5712,9863787.0
5713,87216.5
5714,104.3
5715,172703.0
5716,104.3
5717,179227.3
5718,78398.7
5719,1095712.8
5720,315835.3
5721,3407736.3
5722,104.3
5723,4807515.7
5724,104.3
5725,104.3
5726,2763535.3
5727,12569812.6
5728,104.3
5729,12569812.6
5730,136323.9
5731,104.3
5732,104.3
5733,267618.8
5734,738174.6
5735,104.3
5736,1096018.5
5737,4807515.7
5738,2763535.3
5739,104.3
5740,93703.5
5741,11563768.1
5742,893560.8
5743,491651.6
5744,104.3
5745,267618.8
5746,491651.6
5747,47356.9
5748,5853052.6
5749,179227.3
5750,1313330.9
5751,1264832.5
5752,244449.5
5753,19808918.6
5754,893560.8
5755,8348621.9
5756,1095712.8
5757,297364.3
5758,87582.7
5759,104.3
5760,104.3
5761,104.3
5762,12569812.6
5763,5371609.3
5764,104.3
5765,179227.3
5766,1096018.5
5767,179227.3
5768,78398.7
5769,6651228.3
5770,499045.4
5771,315835.3
5772,1156933.7
5773,19808918.6
5774,4807515.7
5775,245588.1
5776,104.3
5777,10438986.2
5778,5864295.8
5779,19808918.6
5780,104.3
5781,3407736.3
5782,106944.6
5783,179227.3
5784,104.3
5785,3548946.0
5786,179227.3
5787,12140629.7
5788,104.3
5789,1156933.7
5790,5864295.8
5791,1243157.8
5792,267618.8
5793,104.3
5794,1313330.9
5795,5864295.8
5796,104.3
5797,738174.6
5798,104.3
5799,12168159.8
5800,63231.8
5801,267618.8
5802,104.3
5803,104.3
5804,19808918.6
5805,104.3
5806,104.3
5807,179227.3
5808,1095712.8
5809,1096018.5
5810,104.3
5811,104.3
5812,1096018.5
5813,2910622.2
5814,104.3
5815,147870.7
5816,104.3
5817,104.3
5818,104.3
5819,738174.6
5820,104.3
5821,104.3
5822,104.3
5823,1096018.5
5824,1096018.5
5825,104.3
5826,166957.8
5827,104.3
5828,19808918.6
5829,3250043.2
5830,180531.9
5831,808904.6
5832,203073.5
5833,893560.8
5834,104.3
5835,104.3
5836,3407736.3
5837,179227.3
5838,104.3
5839,1313330.9
5840,104.3
5841,3407736.3
5842,1096018.5
5843,104.3
5844,104.3
5845,104.3
5846,104.3
5847,5864295.8
5848,1264832.5
5849,112236.0
5850,280335.9
5851,166957.8
5852,104.3
5853,1313330.9
5854,267618.8
5855,6651228.3
5856,203073.5
5857,19808918.6
5858,104.3
5859,1263801.8
5860,5576417.5
5861,104.3
5862,104.3
5863,8047268.7
5864,19808918.6
5865,267618.8
5866,78398.7
5867,104.3
5868,808904.6
5869,147726.5
5870,43612.0
5871,893560.8
5872,10438986.2
5873,104.3
5874,104.3
5875,1264832.5
5876,808904.6
5877,47028.0
5878,6651228.3
5879,112236.0
5880,1264832.5
5881,2763535.3
5882,12569812.6
5883,104.3
5884,297364.3
5885,104.3
5886,297364.3
5887,104.3
5888,172703.0
5889,104.3
5890,180531.9
5891,5864295.8
5892,115512.3
5893,104.3
5894,8348621.9
5895,78398.7
5896,6651228.3
5897,47356.9
5898,738174.6
5899,42143.6
5900,104.3
5901,104.3
5902,104.3
5903,245588.1
5904,2763535.3
5905,8348621.9
5906,2763535.3
5907,104.3
5908,1096018.5
5909,1095712.8
5910,104.3
5911,85320.4
5912,19808918.6
5913,1264832.5
5914,104.3
5915,47028.0
5916,1263801.8
5917,12168159.8
5918,2763535.3
5919,1156933.7
5920,104.3
5921,1263801.8
5922,180531.9
5923,87216.5
5924,179227.3
5925,19808918.6
5926,104.3
5927,180531.9
5928,5864295.8
5929,104.3
5930,1156933.7
5931,1095712.8
5932,104.3
5933,78398.7
5934,203073.5
5935,12140629.7
5936,3548946.0
5937,104.3
5938,104.3
5939,166957.8
5940,5864295.8
5941,315835.3
5942,3250043.2
5943,104.3
5944,179227.3
5945,104.3
5946,104.3
5947,104.3
5948,3407736.3
5949,104.3
5950,12569812.6
5951,1096018.5
5952,63231.8
5953,2830881.6
5954,131592.3
5955,3548946.0
5956,3407736.3
5957,172703.0
5958,6651228.3
5959,738174.6
5960,104.3
5961,104.3
5962,87216.5
5963,1095712.8
5964,1264832.5
5965,1264832.5
5966,295314.1
5967,12569812.6
5968,10438986.2
5969,1185481.0
5970,78398.7
5971,47028.0
5972,750100.4
5973,1426191.5
5974,104.3
5975,267618.8
5976,43612.0
5977,104.3
5978,26101143.9
5979,166957.8
5980,12569812.6
5981,166957.8
5982,12283843.9
5983,104.3
5984,1095712.8
5985,5864295.8
5986,104.3
5987,499045.4
5988,799871.2
5989,1394.1
5990,8348621.9
5991,104.3
5992,1313330.9
5993,1095712.8
5994,44998.9
5995,499045.4
5996,433435.0
5997,1095712.8
5998,8047268.7
5999,28.2
6000,112236.0
6001,104.3
6002,27330.6
6003,19808918.6
6004,85320.4
6005,104.3
6006,136323.9
6007,104.3
6008,47028.0
6009,3499516.8
6010,2763535.3
6011,499045.4
6012,78398.7
6013,26101143.9
6014,104.3
6015,47356.9
6016,1096018.5
6017,104.3
6018,166957.8
6019,112236.0
6020,104.3
6021,87216.5
6022,106944.6
6023,104.3
6024,87216.5
6025,104.3
6026,10438986.2
6027,166957.8
6028,11563768.1
6029,104.3
6030,16310306.7
6031,1095712.8
6032,104.3
6033,166957.8
6034,104.3
6035,46961523.5
6036,60725.3
6037,104.3
6038,104.3
6039,104.3
6040,799871.2
6041,12569812.6
6042,104.3
6043,8530210.3
6044,104.3
6045,179227.3
6046,5425.5
6047,104.3
6048,87216.5
6049,172703.0
6050,104.3
6051,42143.6
6052,3499516.8
6053,104.3
6054,47356.9
6055,104.3
6056,179227.3
6057,104.3
6058,738174.6
6059,10438986.2
6060,1096018.5
6061,1264832.5
6062,79315.5
6063,8348621.9
6064,104.3
6065,87216.5
6066,1096018.5
6067,180531.9
6068,45770.6
6069,11563768.1
6070,6651228.3
6071,104.3
6072,79315.5
6073,87216.5
6074,85320.4
6075,104.3
6076,799871.2
6077,104.3
6078,2302718.2
6079,19808918.6
6080,104.3
6081,45770.6
6082,166957.8
6083,3407736.3
6084,297364.3
6085,1156933.7
6086,78398.7
6087,280335.9
6088,104.3
6089,47028.0
6090,19808918.6
6091,104.3
6092,87216.5
6093,87216.5
6094,8348621.9
6095,499045.4
6096,130762.6
6097,143333.5
6098,1096018.5
6099,179227.3
6100,179227.3
6101,11563768.1
6102,2763535.3
6103,2763535.3
6104,104.3
6105,104.3
6106,104.3
6107,104.3
6108,1264832.5
6109,104.3
6110,3548946.0
6111,13800.8
6112,104.3
6113,499045.4
6114,3250043.2
6115,10438986.2
6116,104.3
6117,104.3
6118,1264832.5
6119,8294961.1
6120,893560.8
6121,143333.5
6122,12140629.7
6123,45770.6
6124,267618.8
6125,166957.8
6126,87216.5
6127,104.3
6128,26101143.9
6129,104.3
6130,104.3
6131,63231.8
6132,104.3
6133,347024.1
6134,1096018.5
6135,738174.6
6136,19808918.6
6137,2763535.3
6138,104.3
6139,54873292.0
6140,104.3
6141,315835.3
6142,104.3
6143,104.3
6144,104.3
6145,104.3
6146,315835.3
6147,2763535.3
6148,179227.3
6149,5864295.8
6150,26101143.9
6151,143333.5
6152,46961523.5
6153,147870.7
6154,104.3
6155,6651228.3
6156,128547.0
6157,130762.6
6158,6651228.3
6159,87216.5
6160,67641.7
6161,1185481.0
6162,147870.7
6163,104.3
6164,104.3
6165,78398.7
6166,1095712.8
6167,112236.0
6168,172703.0
6169,1096018.5
6170,104.3
6171,221369.6
6172,104.3
6173,147870.7
6174,1096018.5
6175,181678.9
6176,27693.4
6177,1264832.5
6178,104.3
6179,10438986.2
6180,1095712.8
6181,104.3
6182,11563768.1
6183,347024.1
6184,26101143.9
6185,166957.8
6186,104.3
6187,105833.4
6188,808904.6
6189,104.3
6190,1263801.8
6191,104.3
6192,1096018.5
6193,172703.0
6194,57401.9
6195,104.3
6196,250476.3
6197,54213.2
6198,6651228.3
6199,19808918.6
6200,104.3
6201,113563.8
6202,8348621.9
6203,19808918.6
6204,104.3
6205,43612.0
6206,2763535.3
6207,1313330.9
6208,78398.7
6209,104.3
6210,136323.9
6211,1096018.5
6212,104.3
6213,3548946.0
6214,104.3
6215,78398.7
6216,1095712.8
6217,104.3
6218,47028.0
6219,1095712.8
6220,47356.9
6221,104.3
6222,104.3
6223,179227.3
6224,315835.3
6225,1264832.5
6226,104.3
6227,104.3
6228,106944.6
6229,104.3
6230,104.3
6231,6651228.3
6232,347024.1
6233,11563768.1
6234,1095712.8
6235,738174.6
6236,180531.9
6237,47028.0
6238,104.3
6239,5853052.6
6240,5864295.8
6241,104.3
6242,104.3
6243,297364.3
6244,4807515.7
6245,87216.5
6246,11417.4
6247,46961523.5
6248,104.3
6249,104.3
6250,1707903.2
6251,3407736.3
6252,893560.8
6253,315835.3
6254,11563768.1
6255,180531.9
6256,315835.3
6257,8047268.7
6258,104.3
6259,104.3
6260,104.3
6261,8348621.9
6262,315835.3
6263,53019.1
6264,147870.7
6265,104.3
6266,104.3
6267,3250043.2
6268,104.3
6269,6651228.3
6270,8348621.9
6271,12140629.7
6272,180531.9
6273,3250043.2
6274,12569812.6
6275,179227.3
6276,78398.7
6277,166957.8
6278,297364.3
6279,280335.9
6280,104.3
6281,47028.0
6282,10407962.7
6283,799871.2
6284,8294961.1
6285,738174.6
6286,104.3
6287,78398.7
6288,12569812.6
6289,8294961.1
6290,104.3
6291,1096018.5
6292,12569812.6
6293,8530210.3
6294,47028.0
6295,19808918.6
6296,147870.7
6297,1096018.5
6298,104.3
6299,104.3
6300,799871.2
6301,179227.3
6302,104.3
6303,38797.4
6304,347024.1
6305,10438986.2
6306,315835.3
6307,128547.0
6308,104.3
6309,104.3
6310,1185481.0
6311,104.3
6312,104.3
6313,1313330.9
6314,1095712.8
6315,104.3
6316,179227.3
6317,12140629.7
6318,1096018.5
6319,738174.6
6320,104.3
6321,12168159.8
6322,347024.1
6323,297364.3
6324,104.3
6325,3250043.2
6326,53019.1
6327,172703.0
6328,2763535.3
6329,180531.9
6330,47028.0
6331,4807515.7
6332,3890.9
6333,347024.1
6334,104.3
6335,1096018.5
6336,180531.9
6337,1264832.5
6338,46743.9
6339,104.3
6340,147870.7
6341,3890.9
6342,104.3
6343,738174.6
6344,1096018.5
6345,104.3
6346,8294961.1
6347,2763535.3
6348,104.3
6349,1156933.7
6350,104.3
6351,10438986.2
6352,2763535.3
6353,104.3
6354,104.3
6355,104.3
6356,104.3
6357,166957.8
6358,57929.3
6359,104.3
6360,104.3
6361,8348621.9
6362,104.3
6363,104.3
6364,104.3
6365,10438986.2
6366,104.3
6367,128547.0
6368,179227.3
6369,104.3
6370,12168159.8
6371,267618.8
6372,1095712.8
6373,180531.9
6374,315835.3
6375,12168159.8
6376,87216.5
6377,128547.0
6378,87216.5
6379,11563768.1
6380,172703.0
6381,12140629.7
6382,1264832.5
6383,1095712.8
6384,3407736.3
6385,104.3
6386,19808918.6
6387,347024.1
6388,104.3
6389,104.3
6390,315835.3
6391,104.3
6392,1313330.9
6393,10438986.2
6394,11563768.1
6395,104.3
6396,10371.3
6397,104.3
6398,104.3
6399,104.3
6400,63231.8
6401,104.3
6402,104.3
6403,104.3
6404,347024.1
6405,104.3
6406,106423.6
6407,78398.7
6408,1186617.5
6409,2763535.3
6410,69419.5
6411,112236.0
6412,11417.4
6413,1264832.5
6414,12569812.6
6415,104.3
6416,43612.0
6417,5853052.6
6418,1264832.5
6419,433435.0
6420,245588.1
6421,315835.3
6422,104.3
6423,104.3
6424,499045.4
6425,124132.8
6426,347024.1
6427,104.3
6428,109105.1
6429,1095712.8
6430,1264832.5
6431,10438986.2
6432,5853052.6
6433,267618.8
6434,78398.7
6435,294356.6
6436,1264832.5
6437,104.3
6438,315835.3
6439,297364.3
6440,893560.8
6441,87216.5
6442,115512.3
6443,65477.4
6444,104.3
6445,19808918.6
6446,11563768.1
6447,104.3
6448,104.3
6449,172703.0
6450,280335.9
6451,147870.7
6452,3407736.3
6453,2763535.3
6454,245588.1
6455,1095712.8
6456,104.3
6457,6651228.3
6458,104.3
6459,104.3
6460,8348621.9
6461,2830881.6
6462,9015175.1
6463,104.3
6464,104.3
6465,104.3
6466,69419.5
6467,45770.6
6468,104.3
6469,297364.3
6470,3890.9
6471,42143.6
6472,87216.5
6473,78398.7
6474,104.3
6475,104.3
6476,12569812.6
6477,1264832.5
6478,166957.8
6479,12569812.6
6480,1096018.5
6481,4261251.0
6482,186049.9
6483,104.3
6484,11563768.1
6485,3407736.3
6486,104.3
6487,3407736.3
6488,1095712.8
6489,104.3
6490,104.3
6491,166957.8
6492,69419.5
6493,85320.4
6494,11563768.1
6495,147870.7
6496,19808918.6
6497,11563768.1
6498,3548946.0
6499,106944.6
6500,104.3
6501,104.3
6502,5370655.1
6503,78398.7
6504,147870.7
6505,179227.3
6506,104.3
6507,104.3
6508,3548946.0
6509,104.3
6510,87216.5
6511,75480.6
6512,104.3
6513,190123.2
6514,104.3
6515,8348621.9
6516,280335.9
6517,104.3
6518,104.3
6519,365362.3
6520,104.3
6521,19808918.6
6522,491651.6
6523,78398.7
6524,1095712.8
6525,203073.5
6526,16310306.7
6527,47028.0
6528,203073.5
6529,104.3
6530,8348621.9
6531,104.3
6532,104.3
6533,104.3
6534,46961523.5
6535,87216.5
6536,78398.7
6537,5864295.8
6538,1096018.5
6539,2910622.2
6540,3407736.3
6541,5864295.8
6542,166957.8
6543,27693.4
6544,67641.7
6545,799871.2
6546,10407962.7
6547,41310.9
6548,179227.3
6549,2763535.3
6550,78398.7
6551,5864295.8
6552,1096018.5
6553,95.1
6554,1095712.8
6555,104.3
6556,893560.8
6557,104.3
6558,1707903.2
6559,1096018.5
6560,12140629.7
6561,104.3
6562,3407736.3
6563,109105.1
6564,78398.7
6565,172703.0
6566,245588.1
6567,104.3
6568,137389.1
6569,57929.3
6570,2763535.3
6571,78398.7
6572,104.3
6573,112236.0
6574,499045.4
6575,172703.0
6576,203073.5
6577,47028.0
6578,5864295.8
6579,104.3
6580,10371.3
6581,738174.6
6582,95.1
6583,104.3
6584,41310.9
6585,1264832.5
6586,1313330.9
6587,104.3
6588,104.3
6589,1263801.8
6590,11563768.1
6591,172703.0
6592,10438986.2
6593,2830881.6
6594,1095712.8
6595,104.3
6596,12140629.7
6597,104.3
6598,77599.7
6599,184332.3
6600,104.3
6601,104.3
6602,19808918.6
6603,1264832.5
6604,78398.7
6605,8294961.1
6606,53019.1
6607,3621294.1
6608,104.3
6609,47356.9
6610,104.3
6611,63231.8
6612,12569812.6
6613,1313330.9
6614,19808918.6
6615,104.3
6616,8348621.9
6617,1264832.5
6618,1095712.8
6619,87216.5
6620,47028.0
6621,184332.3
6622,5864295.8
6623,8348621.9
6624,12140629.7
6625,3407736.3
6626,104.3
6627,69419.5
6628,104.3
6629,172703.0
6630,104.3
6631,104.3
6632,104.3
6633,143333.5
6634,179227.3
6635,104.3
6636,8348621.9
6637,2763535.3
6638,104.3
6639,280335.9
6640,104.3
6641,12569812.6
6642,10438986.2
6643,104.3
6644,104.3
6645,1096018.5
6646,267618.8
6647,104.3
6648,1096018.5
6649,104.3
6650,104.3
6651,1096018.5
6652,87216.5
6653,491651.6
6654,10438986.2
6655,347024.1
6656,104.3
6657,1264832.5
6658,45770.6
6659,47028.0
6660,104.3
6661,104.3
6662,172703.0
6663,26101143.9
6664,45770.6
6665,104.3
6666,180531.9
6667,3250043.2
6668,143333.5
6669,104.3
6670,104.3
6671,250476.3
6672,104.3
6673,1264832.5
6674,10438986.2
6675,2763535.3
6676,104.3
6677,104.3
6678,87838.9
6679,19808918.6
6680,297364.3
6681,26101143.9
6682,180531.9
6683,104.3
6684,104.3
6685,104.3
6686,104.3
6687,2910622.2
6688,1313330.9
6689,166957.8
6690,8348621.9
6691,104.3
6692,54873292.0
6693,893560.8
6694,2763535.3
6695,172703.0
6696,5864295.8
6697,105833.4
6698,799871.2
6699,19808918.6
6700,10407962.7
6701,1095712.8
6702,491651.6
6703,267618.8
6704,104.3
6705,179227.3
6706,245588.1
6707,203073.5
6708,43612.0
6709,104.3
6710,3250043.2
6711,180531.9
6712,5864295.8
6713,104.3
6714,104.3
6715,104.3
6716,2910622.2
6717,19808918.6
6718,47028.0
6719,347024.1
6720,11417.4
6721,6651228.3
6722,67641.7
6723,8047268.7
6724,47356.9
6725,104.3
6726,2763535.3
6727,104.3
6728,104.3
6729,184332.3
6730,347024.1
6731,60725.3
6732,104.3
6733,104.3
6734,136323.9
6735,4807515.7
6736,104.3
6737,267618.8
6738,147870.7
6739,104.3
6740,104.3
6741,3890.9
6742,6785287.7
6743,1313330.9
6744,104.3
6745,104.3
6746,1426191.5
6747,174702.7
6748,47028.0
6749,104.3
6750,104.3
6751,738174.6
6752,6651228.3
6753,204147.1
6754,1707903.2
6755,104.3
6756,12140629.7
6757,131592.3
6758,172703.0
6759,5864295.8
6760,245588.1
6761,166957.8
6762,104.3
6763,136323.9
6764,11417.4
6765,16310306.7
6766,104.3
6767,280335.9
6768,8530210.3
6769,79315.5
6770,172703.0
6771,104.3
6772,104.3
6773,104.3
6774,8348621.9
6775,19808918.6
6776,56338.8
6777,166957.8
6778,2830881.6
6779,104.3
6780,1095712.8
6781,104.3
6782,5864295.8
6783,433435.0
6784,104.3
6785,1313330.9
6786,106944.6
6787,104.3
6788,104.3
6789,104.3
6790,47028.0
6791,738174.6
6792,19808918.6
6793,1707903.2
6794,104.3
6795,104.3
6796,46961523.5
6797,104.3
6798,280335.9
6799,104.3
6800,10438986.2
6801,3548946.0
6802,104.3
6803,12283843.9
6804,104.3
6805,499045.4
6806,172703.0
6807,1313330.9
6808,104.3
6809,267618.8
6810,104.3
6811,676259.3
6812,104.3
6813,5864295.8
6814,104.3
6815,104.3
6816,104.3
6817,104.3
6818,104.3
6819,250476.3
6820,1156933.7
6821,85320.4
6822,738174.6
6823,104.3
6824,12140629.7
6825,1707903.2
6826,1096018.5
6827,104.3
6828,104.3
6829,104.3
6830,104.3
6831,1156933.7
6832,315835.3
6833,78398.7
6834,104.3
6835,4807515.7
6836,104.3
6837,8530210.3
6838,104.3
6839,180531.9
6840,250476.3
6841,267618.8
6842,87216.5
6843,43612.0
6844,5864295.8
6845,87216.5
6846,179227.3
6847,47028.0
6848,78398.7
6849,166957.8
6850,1264832.5
6851,1264832.5
6852,104.3
6853,104.3
6854,78398.7
6855,491651.6
6856,104.3
6857,180531.9
6858,78398.7
6859,1096018.5
6860,315835.3
6861,1264832.5
6862,491651.6
6863,12168159.8
6864,87216.5
6865,69419.5
6866,5370655.1
6867,166957.8
6868,54873292.0
6869,203073.5
6870,104.3
6871,179227.3
6872,104.3
6873,172703.0
6874,203073.5
6875,104.3
6876,1096018.5
6877,1272670.7
6878,104.3
6879,104.3
6880,172703.0
6881,180531.9
6882,12140629.7
6883,1156933.7
6884,104.3
6885,188085.1
6886,46743.9
6887,180531.9
6888,738174.6
6889,244449.5
6890,104.3
6891,1096018.5
6892,8530210.3
6893,10407962.7
6894,245588.1
6895,104.3
6896,104.3
6897,104.3
6898,78398.7
6899,267618.8
6900,2910622.2
6901,1263801.8
6902,128547.0
6903,1264832.5
6904,738174.6
6905,738174.6
6906,12569812.6
6907,166957.8
6908,47028.0
6909,104.3
6910,119362.6
6911,79315.5
6912,222317.3
6913,46961523.5
6914,3407736.3
6915,106944.6
6916,78398.7
6917,33596421.7
6918,1243157.8
6919,104.3
6920,3621294.1
6921,19808918.6
6922,39646.6
6923,104.3
6924,104.3
6925,347024.1
6926,106115.5
6927,104.3
6928,808904.6
6929,1096018.5
6930,12168159.8
6931,78398.7
6932,172703.0
6933,104.3
6934,8348621.9
6935,104.3
6936,676259.3
6937,12569812.6
6938,79322.4
6939,104.3
6940,1156933.7
6941,1264832.5
6942,104.3
6943,104.3
6944,12140629.7
6945,166957.8
6946,1264832.5
6947,10371.3
6948,180531.9
6949,799871.2
6950,19808918.6
6951,47028.0
6952,188085.1
6953,87216.5
6954,491651.6
6955,1095712.8
6956,104.3
6957,104.3
6958,47028.0
6959,87216.5
6960,499045.4
6961,143333.5
6962,8348621.9
6963,315835.3
6964,180531.9
6965,104.3
6966,179227.3
6967,10407962.7
6968,347024.1
6969,28.2
6970,172703.0
6971,3499516.8
6972,147870.7
6973,1096018.5
6974,694818.1
6975,104.3
6976,166957.8
6977,104.3
6978,104.3
6979,491651.6
6980,1096018.5
6981,104.3
6982,5864295.8
6983,104.3
6984,8348621.9
6985,16310306.7
6986,1095712.8
6987,57401.9
6988,104.3
6989,115512.3
6990,19808918.6
6991,104.3
6992,104.3
6993,104.3
6994,104.3
6995,1264832.5
6996,2763535.3
6997,104.3
6998,104.3
6999,5853052.6
7000,104.3
7001,104.3
7002,104.3
7003,104.3
7004,3250043.2
7005,104.3
7006,104.3
7007,104.3
7008,3407736.3
7009,104.3
7010,738174.6
7011,104.3
7012,104.3
7013,46743.9
7014,11417.4
7015,10407962.7
7016,19808918.6
7017,174702.7
7018,104.3
7019,6651228.3
7020,5864295.8
7021,104.3
7022,203073.5
7023,1095712.8
7024,53019.1
7025,53019.1
7026,12569812.6
7027,8294961.1
7028,104.3
7029,78398.7
7030,676259.3
7031,1313330.9
7032,203073.5
7033,63231.8
7034,179227.3
7035,166957.8
7036,112236.0
7037,104.3
7038,491651.6
7039,3407736.3
7040,78398.7
7041,1095712.8
7042,3250043.2
7043,104.3
7044,738174.6
7045,491651.6
7046,808904.6
7047,8348621.9
7048,104.3
7049,1096018.5
7050,104.3
7051,104.3
7052,1264832.5
7053,347024.1
7054,1095712.8
7055,2910622.2
7056,12569812.6
7057,27693.4
7058,104.3
7059,179227.3
7060,87216.5
7061,85320.4
7062,738174.6
7063,104.3
7064,4807515.7
7065,179227.3
7066,104.3
7067,104.3
7068,179227.3
7069,104.3
7070,10407962.7
7071,11563768.1
7072,104.3
7073,1313330.9
7074,166957.8
7075,2763535.3
7076,8348621.9
7077,87216.5
7078,799871.2
7079,104.3
7080,166957.8
7081,179227.3
7082,104.3
7083,104.3
7084,315835.3
7085,244449.5
7086,104.3
7087,12168159.8
7088,4807515.7
7089,297364.3
7090,172703.0
7091,104.3
7092,5864295.8
7093,799871.2
7094,245588.1
7095,104.3
7096,47028.0
7097,3499516.8
7098,172703.0
7099,1096018.5
7100,78398.7
7101,116898.4
7102,104.3
7103,45770.6
7104,1096018.5
7105,1185481.0
7106,78398.7
7107,893560.8
7108,104.3
7109,179227.3
7110,104.3
7111,104.3
7112,799871.2
7113,5864295.8
7114,222317.3
7115,104.3
7116,104.3
7117,104.3
7118,143333.5
7119,112236.0
7120,3890.9
7121,1264832.5
7122,47028.0
7123,104.3
7124,33596421.7
7125,69419.5
7126,6651228.3
7127,4807515.7
7128,180531.9
7129,106944.6
7130,47028.0
7131,104.3
7132,104.3
7133,12283843.9
7134,1095712.8
7135,6651228.3
7136,179227.3
7137,1095712.8
7138,87216.5
7139,147870.7
7140,12569812.6
7141,104.3
7142,1263801.8
7143,315835.3
7144,128547.0
7145,1096018.5
7146,130762.6
7147,1095712.8
7148,128547.0
7149,104.3
7150,104.3
7151,174702.7
7152,1095712.8
7153,104.3
7154,499045.4
7155,12569812.6
7156,1156933.7
7157,2763535.3
7158,104.3
7159,267618.8
7160,104.3
7161,2763535.3
7162,12569812.6
7163,85320.4
7164,104.3
7165,8294961.1
7166,78398.7
7167,104.3
7168,104.3
7169,104.3
7170,104.3
7171,128547.0
7172,104.3
7173,104.3
7174,172703.0
7175,47356.9
7176,267618.8
7177,5864295.8
7178,1095712.8
7179,6651228.3
7180,104.3
7181,104.3
7182,4807515.7
7183,104.3
7184,54873292.0
7185,104.3
7186,245588.1
7187,245588.1
7188,799871.2
7189,87216.5
7190,63231.8
7191,104.3
7192,78398.7
7193,104.3
7194,8348621.9
7195,1095712.8
7196,347024.1
7197,267618.8
7198,104.3
7199,104.3
7200,5853052.6
7201,104.3
7202,280335.9
7203,104.3
7204,808904.6
7205,12569812.6
7206,2763535.3
7207,19808918.6
7208,179227.3
7209,188085.1
7210,57401.9
7211,104.3
7212,75480.6
7213,203073.5
7214,12569812.6
7215,2830881.6
7216,11563768.1
7217,104.3
7218,738174.6
7219,128547.0
7220,1264832.5
7221,315835.3
7222,104.3
7223,104.3
7224,87582.7
7225,104.3
7226,172703.0
7227,4807515.7
7228,297364.3
7229,1095712.8
7230,63231.8
7231,244449.5
7232,19808918.6
7233,280335.9
7234,12569812.6
7235,499045.4
7236,4807515.7
7237,78398.7
7238,104.3
7239,46961523.5
7240,799871.2
7241,8348621.9
7242,104.3
7243,115512.3
7244,78398.7
7245,63231.8
7246,11417.4
7247,179227.3
7248,3548946.0
7249,104.3
7250,104.3
7251,738174.6
7252,60725.3
7253,87216.5
7254,179227.3
7255,104.3
7256,104.3
7257,166957.8
7258,1095712.8
7259,347024.1
7260,104.3
7261,19808918.6
7262,104.3
7263,1707903.2
7264,106115.5
7265,57401.9
7266,1095712.8
7267,104.3
7268,104.3
7269,5864295.8
7270,16310306.7
7271,47028.0
7272,244449.5
7273,47028.0
7274,104.3
7275,203073.5
7276,104.3
7277,5371609.3
7278,9863787.0
7279,8530210.3
7280,3407736.3
7281,179227.3
7282,8530210.3
7283,10438986.2
7284,104.3
7285,2830881.6
7286,1156933.7
7287,315835.3
7288,104.3
7289,8348621.9
7290,203073.5
7291,180531.9
7292,27330.6
7293,116898.4
7294,172703.0
7295,1313330.9
7296,104.3
7297,130762.6
7298,78398.7
7299,104.3
7300,104.3
7301,315835.3
7302,11417.4
7303,89240.6
7304,180531.9
7305,104.3
7306,26101143.9
7307,104.3
7308,104.3
7309,136323.9
7310,104.3
7311,104.3
7312,10438986.2
7313,11563768.1
7314,244449.5
7315,297364.3
7316,104.3
7317,67641.7
7318,8348621.9
7319,147870.7
7320,3621294.1
7321,104.3
7322,104.3
7323,280335.9
7324,166957.8
7325,19808918.6
7326,12168159.8
7327,104.3
7328,2830881.6
7329,4807515.7
7330,12569812.6
7331,5576417.5
7332,799871.2
7333,2763535.3
7334,104.3
7335,315835.3
7336,11417.4
7337,104.3
7338,808904.6
7339,1264832.5
7340,104.3
7341,104.3
7342,4807515.7
7343,87216.5
7344,104.3
7345,104.3
7346,78398.7
7347,69419.5
7348,104.3
7349,8530210.3
7350,280335.9
7351,1095712.8
7352,104.3
7353,104.3
7354,1394.1
7355,1096018.5
7356,1096018.5
7357,67641.7
7358,180531.9
7359,2763535.3
7360,1095712.8
7361,104.3
7362,6651228.3
7363,46961523.5
7364,104.3
7365,1313330.9
7366,1095712.8
7367,104.3
7368,104.3
7369,1096018.5
7370,1264832.5
7371,104.3
7372,6651228.3
7373,26101143.9
7374,79315.5
7375,245588.1
7376,104.3
7377,180531.9
7378,341329.3
7379,3499516.8
7380,104.3
7381,104.3
7382,46743.9
7383,89240.6
7384,78398.7
7385,179227.3
7386,315835.3
7387,104.3
7388,104.3
7389,47028.0
7390,104.3
7391,104.3
7392,78398.7
7393,26101143.9
7394,3499516.8
7395,1156933.7
7396,245588.1
7397,147870.7
7398,10371.3
